id,first_name,last_name,active,blank1,subcr,entries,blank2,DoB
1,Tremain,Westfield,false,,14,1198,,7/24/2024
2,Mab,Dryden,false,,,221,,9/1/2024
3,Mair,Probbing,false,,14,240,,1/3/2025
4,Levy,Purrington,true,,,984,,4/10/2024
5,Margot,Rumble,false,,,1109,,10/6/2023
6,Kendell,Devenish,true,,14,1306,,8/25/2023
7,Pail,Pauwel,false,,,889,,6/2/2024
8,Kathryne,Kneeland,true,,8,170,,10/25/2023
9,Jervis,Josephs,false,,,1388,,12/24/2024
10,Rock,Chason,true,,,77,,1/30/2024
11,Anatol,Coggon,false,,6,,,9/23/2024
12,Renelle,Lyokhin,false,,,1124,,2/21/2024
13,Howey,Ashman,false,,8,838,,3/15/2024
14,Paxton,Sandison,true,,2,230,,10/24/2024
15,Luci,Ferriere,false,,,903,,6/22/2024
16,Winny,Snoxell,true,,5,426,,5/15/2024
17,Guglielmo,Puttergill,false,,,,,5/18/2024
18,Karlee,Ure,false,,8,1448,,3/8/2024
19,Leeann,Father,true,,14,,,1/13/2024
20,Ricoriki,Baldwin,true,,5,1375,,5/30/2024
21,Leigh,Browne,true,,2,1475,,10/18/2024
22,Krystalle,Ungerer,true,,3,1349,,10/13/2024
23,Shelbi,Marrington,false,,5,803,,2/21/2024
24,Iain,Sherland,false,,,205,,12/2/2023
25,Frances,Birney,false,,,875,,8/3/2024
26,Kayley,Wolfinger,true,,,115,,10/14/2024
27,Paten,Lock,true,,,1329,,7/15/2023
28,Rube,Johl,false,,13,537,,7/4/2024
29,Glennie,Shipley,true,,,954,,7/7/2023
30,Bibby,Pattie,false,,14,849,,9/25/2023
31,Everett,Wetherill,false,,,1491,,1/2/2025
32,Gabby,Addinall,true,,,272,,11/3/2024
33,Kin,Rime,false,,7,60,,7/21/2023
34,Neill,Shout,true,,11,579,,4/3/2024
35,Merrile,Aronovich,false,,,583,,2/16/2024
36,Donal,Kirkness,false,,11,,,5/12/2024
37,Fidel,Emes,true,,11,1144,,2/5/2025
38,Ingemar,Raincin,true,,,1214,,5/25/2024
39,Lennard,Marples,true,,,527,,7/6/2023
40,Georgi,Heard,true,,,567,,11/13/2024
41,Tricia,Sexty,true,,,195,,11/8/2023
42,Vitia,Riceards,false,,2,779,,8/21/2023
43,Giovanna,Bethune,false,,10,1378,,12/20/2023
44,Constantine,Kiff,true,,,1446,,9/27/2024
45,Josee,Severwright,true,,,1308,,8/23/2024
46,Tildi,Garmons,true,,4,694,,7/29/2023
47,Monica,MacAskie,false,,9,1203,,10/30/2023
48,Bartholomeo,Bucke,false,,9,1150,,8/10/2023
49,Aurilia,Muscat,true,,2,578,,2/29/2024
50,Barbi,Thacke,false,,6,52,,8/4/2023
51,Wynny,Bercevelo,false,,3,1076,,2/1/2024
52,Gay,Tesh,true,,4,471,,7/31/2024
53,Arley,Corneille,true,,3,421,,5/16/2024
54,Trevor,Metheringham,true,,,57,,10/13/2024
55,Aleen,Van Son,false,,15,419,,2/11/2024
56,Alexa,Grene,false,,,1082,,10/7/2024
57,Konrad,Pitbladdo,false,,3,999,,5/30/2024
58,Heinrick,Ayris,true,,,109,,12/8/2023
59,Gauthier,Rawsthorn,true,,15,460,,1/3/2025
60,Carson,McPhee,true,,,487,,8/9/2024
61,Rafaello,Arnull,true,,,712,,2/18/2025
62,Philippe,Wehden,false,,,450,,12/13/2023
63,Cammie,Siene,true,,,579,,10/11/2023
64,Kaja,Fairlaw,false,,15,308,,1/14/2025
65,Evangeline,MacCahey,true,,,1337,,11/20/2024
66,Doti,Seymer,true,,5,573,,7/13/2024
67,Bryce,Heams,true,,,678,,8/3/2024
68,Leonerd,Hitzschke,true,,,961,,5/24/2024
69,Fons,Adshed,false,,,1043,,3/2/2024
70,Guillaume,Girardoni,false,,2,238,,10/17/2024
71,Shelli,Lockley,false,,1,60,,2/1/2025
72,Daisi,McMackin,true,,,1044,,4/24/2024
73,Harp,Haygreen,false,,,165,,2/4/2024
74,Hardy,Olive,true,,9,1329,,12/6/2024
75,Roi,Grono,false,,,199,,4/29/2024
76,Tito,Binstead,true,,3,1009,,12/23/2024
77,Ulrika,Harrad,true,,,192,,8/19/2024
78,Marianne,Petett,false,,5,1005,,1/13/2025
79,Caitrin,Jeal,false,,1,915,,7/22/2024
80,Wileen,Fick,true,,15,,,2/20/2024
81,Melicent,Vance,true,,12,741,,1/31/2024
82,Kass,Jeal,false,,,1385,,8/9/2023
83,Lilly,Posselow,false,,,,,3/5/2024
84,Maddalena,Tirte,true,,,339,,7/11/2023
85,Malissia,Scruton,false,,,1017,,7/3/2023
86,Joletta,Kupper,true,,,,,10/23/2024
87,Farrell,Devitt,false,,11,268,,7/9/2024
88,Poppy,Carlsson,false,,1,887,,7/11/2024
89,Else,Neeson,true,,13,705,,1/12/2024
90,Miquela,Avesque,true,,,568,,6/8/2024
91,Maitilde,Debow,true,,,1432,,10/23/2023
92,Tobey,Rushbrook,true,,,12,,4/14/2024
93,Lana,Wims,false,,,936,,7/10/2024
94,Monti,Teresia,true,,1,670,,12/21/2024
95,Von,Scruby,true,,,353,,8/9/2024
96,Ash,Davet,true,,,254,,10/20/2024
97,Gray,Veillard,true,,10,147,,10/5/2023
98,Anselm,Gledstane,true,,8,1322,,9/10/2023
99,Olivia,Butterworth,true,,8,,,8/20/2023
100,Britni,Cluer,false,,8,684,,4/28/2024
101,Sydney,Nimmo,false,,15,1500,,9/14/2024
102,Domenico,Elmhurst,true,,10,,,9/26/2023
103,Stanislas,Mowatt,true,,6,241,,9/12/2023
104,Hort,Kayser,false,,,486,,1/26/2024
105,Holly,St. Louis,true,,,230,,5/14/2024
106,Bryana,Feather,true,,1,295,,11/22/2023
107,Caro,Kobelt,true,,8,1130,,9/8/2023
108,Verla,Plews,true,,,921,,4/21/2024
109,Thebault,Burwood,false,,5,125,,7/3/2024
110,Toddie,Merryfield,true,,14,1022,,12/4/2023
111,Jennie,Formoy,true,,,1355,,1/31/2024
112,Miran,Fullegar,true,,7,488,,3/27/2024
113,Sebastiano,Hanhard,false,,,,,6/9/2024
114,Eleanora,Gouge,true,,,848,,2/16/2024
115,Cleon,Hutchison,false,,,1470,,2/4/2025
116,Coriss,Karel,false,,6,177,,9/12/2023
117,Mead,Brugsma,true,,,1387,,3/18/2024
118,Elnar,McLucky,true,,,,,12/28/2023
119,Fonzie,McKilroe,false,,8,1058,,7/20/2024
120,Albie,Barnhill,true,,,801,,2/28/2024
121,Wynnie,Berryman,true,,12,598,,2/11/2025
122,Ameline,Osorio,true,,8,1454,,9/30/2024
123,Shannah,Iacomini,false,,,624,,12/22/2024
124,Melisa,Yakobowitz,false,,9,1276,,9/3/2023
125,Hansiain,Hun,true,,9,449,,12/11/2024
126,Vina,Robertsen,false,,9,1341,,3/14/2024
127,Derek,Sherratt,true,,,638,,8/3/2024
128,Yorker,Peake,false,,1,1206,,12/3/2024
129,Inga,Gripton,true,,,196,,8/20/2024
130,Stanley,Lutty,true,,11,420,,1/15/2024
131,Bobby,Tubble,false,,,1038,,7/22/2023
132,Dael,Mosten,true,,,775,,12/28/2024
133,Tanney,Moorhead,true,,4,1251,,2/5/2024
134,Irina,Wathell,false,,15,459,,9/21/2024
135,Elfrieda,McGuggy,true,,10,1452,,11/11/2024
136,Pearline,Terzza,true,,,506,,4/15/2024
137,Val,Priver,false,,7,1496,,2/22/2024
138,Martie,Waylett,true,,2,672,,11/20/2024
139,Dottie,Pitrasso,true,,,1493,,4/28/2024
140,Gerard,Howen,false,,,1201,,9/6/2024
141,Woodrow,Phoebe,false,,7,1314,,9/2/2023
142,Michael,Rosenfeld,false,,3,1013,,4/22/2024
143,Smitty,Humphris,false,,,889,,2/22/2024
144,Barnabas,Vaszoly,false,,,,,2/12/2024
145,Geneva,Crellin,false,,10,351,,8/7/2024
146,Benedikt,Enterle,true,,,906,,11/15/2024
147,Maria,Scolding,true,,2,125,,9/2/2023
148,Wylie,Creamen,true,,,1474,,9/7/2024
149,Akim,Febry,true,,2,43,,2/1/2025
150,Alayne,Cruise,true,,,73,,3/13/2024
151,Shel,Alliband,false,,1,758,,4/7/2024
152,Beniamino,Lidgerton,true,,,558,,1/11/2025
153,Bel,Facer,true,,,1370,,3/13/2024
154,Lizette,Lytlle,true,,7,1361,,4/14/2024
155,Dietrich,MacGraith,true,,,140,,12/7/2024
156,Wit,Balkwill,true,,15,844,,4/21/2024
157,Matelda,Longden,true,,3,1476,,8/3/2023
158,Nollie,Gruszczak,true,,5,,,1/22/2024
159,Merrie,Hunnybun,false,,,,,9/24/2023
160,Christal,MacNally,true,,13,97,,2/18/2024
161,Jessee,Mulhall,true,,1,1046,,10/22/2023
162,Fern,Andreaccio,true,,3,579,,3/8/2024
163,Worthy,Cirlos,false,,,1133,,12/16/2024
164,Valentia,Duester,true,,,1228,,9/16/2024
165,Channa,Sircomb,true,,,862,,8/27/2023
166,Binny,Bellchamber,false,,9,,,8/4/2023
167,Tiphani,Horsburgh,false,,,450,,10/9/2024
168,Dino,Humm,true,,,485,,4/11/2024
169,Leif,Grouse,false,,13,673,,10/26/2023
170,Phil,Crewther,true,,2,929,,12/17/2024
171,Morgen,Storr,false,,,1146,,10/11/2023
172,Annalee,Slane,true,,,435,,7/7/2023
173,Vivian,Marmon,true,,,351,,12/26/2023
174,Constantine,Sabben,true,,,1068,,4/4/2024
175,Carolin,Redley,false,,6,781,,11/7/2023
176,Laurie,Lecount,true,,12,45,,3/19/2024
177,Selinda,McOwan,true,,,1162,,2/25/2024
178,Kettie,Fairpool,false,,7,1292,,2/1/2024
179,Matthiew,Dodman,true,,,13,,3/1/2024
180,Dniren,Howells,true,,,87,,2/8/2024
181,Beth,Irlam,false,,10,463,,4/14/2024
182,Terrel,Carlo,false,,4,65,,1/11/2025
183,Neely,Corry,false,,6,1173,,5/22/2024
184,Nikkie,Everard,true,,,528,,2/8/2025
185,Nadia,Annwyl,false,,4,504,,9/19/2023
186,Johnny,Iorillo,true,,,675,,8/16/2024
187,Joaquin,Woolfenden,false,,3,1480,,10/22/2023
188,Mordecai,Breakey,false,,10,185,,6/19/2024
189,Chicky,Lantaph,false,,3,1003,,5/16/2024
190,Nanice,Swaisland,true,,14,867,,8/20/2024
191,Magdalene,Alvey,true,,10,84,,11/16/2024
192,Malena,Klimus,false,,,490,,4/4/2024
193,Benny,Hallowes,false,,,905,,10/4/2023
194,Orelia,Ghion,true,,15,1075,,8/11/2023
195,Kelsey,Cruise,true,,,564,,12/20/2024
196,Leola,Schermick,true,,2,383,,7/23/2023
197,Lucina,Seldner,false,,,1306,,12/28/2023
198,Titus,Dickings,true,,5,76,,10/28/2024
199,Todd,Muldoon,false,,,1298,,5/30/2024
200,Janela,Rowes,true,,,45,,5/3/2024
201,Randy,Moralee,false,,,433,,10/22/2024
202,Anet,McAulay,false,,,428,,8/5/2023
203,Linn,Humbie,true,,13,168,,9/27/2024
204,Jillene,Puddin,true,,12,533,,9/11/2023
205,Trudi,Mouser,true,,8,1458,,3/10/2024
206,Felicio,Shevels,false,,,1343,,4/15/2024
207,Alice,Cremin,true,,1,1179,,11/28/2023
208,Bobine,Ewestace,true,,,377,,10/5/2024
209,Vachel,Beddow,false,,,,,5/24/2024
210,Callie,Eltun,false,,,412,,11/17/2023
211,Gregor,Flowerden,true,,7,484,,4/12/2024
212,Townsend,Walas,true,,6,33,,6/1/2024
213,Sara-ann,Voice,false,,3,904,,7/20/2023
214,Rudy,Maciocia,true,,,1456,,1/26/2024
215,Cathyleen,Isard,true,,,1115,,6/16/2024
216,Cherilynn,Briton,false,,8,72,,11/10/2023
217,Cairistiona,Greenard,true,,3,629,,2/27/2024
218,Myer,Spada,false,,1,1086,,10/29/2024
219,Anastasia,Howsley,false,,,,,8/2/2023
220,Modestine,Regis,false,,3,641,,10/18/2024
221,Lexy,Clarabut,true,,13,342,,12/27/2023
222,Melisenda,Christofe,true,,4,439,,8/30/2023
223,Deena,Brandt,false,,,899,,8/23/2023
224,Nina,Braidley,true,,8,641,,5/26/2024
225,Barr,Skechley,false,,11,171,,9/26/2023
226,Philip,Yandle,true,,12,664,,9/4/2023
227,Ronny,Stolze,false,,8,103,,2/23/2024
228,Cele,Backman,true,,8,1412,,5/9/2024
229,Gilbert,Mantrup,true,,10,1121,,9/24/2023
230,Saw,Cotterill,false,,,,,3/6/2024
231,Karoly,Brounfield,false,,15,931,,5/28/2024
232,Denys,Thurby,false,,4,1260,,10/22/2024
233,Madge,Eveque,true,,,950,,12/6/2024
234,Dimitri,Horburgh,true,,,1264,,7/10/2024
235,Estell,Maton,true,,,607,,10/12/2024
236,Rooney,Dottrell,false,,9,180,,12/24/2024
237,Nonah,Birtwhistle,true,,,267,,1/9/2024
238,Cris,McEntagart,false,,4,,,5/24/2024
239,Tamma,Spelwood,true,,,368,,8/3/2023
240,Fayina,Bernardini,false,,,1336,,4/24/2024
241,Gar,Platts,true,,8,139,,8/19/2024
242,Patric,Artiss,true,,,739,,10/14/2024
243,Juliet,Doag,false,,7,640,,7/7/2023
244,Ferd,Cayet,false,,,1403,,9/3/2023
245,Gregorio,Cleynaert,false,,,399,,9/22/2023
246,Yolane,Jakobssen,false,,7,1241,,11/5/2023
247,Gillian,Colerick,false,,,578,,9/9/2024
248,Rozele,Zute,true,,,989,,5/29/2024
249,Farlee,Astling,true,,,492,,10/4/2023
250,Feodora,Spileman,false,,,181,,7/21/2023
251,Ber,Cellier,false,,2,272,,4/18/2024
252,Sutherland,Rivelon,false,,6,881,,7/8/2024
253,Bret,Dammarell,false,,,536,,11/29/2023
254,Cesar,Pulham,false,,,1196,,2/14/2025
255,Brett,Normanville,true,,13,203,,10/22/2024
256,Dru,Parzizek,false,,,549,,11/19/2024
257,Kaiser,Girodin,false,,,1386,,5/25/2024
258,Merwin,Jankovsky,false,,,3,,8/12/2023
259,Kit,von Hagt,true,,3,1429,,5/29/2024
260,Phaedra,Normanvill,true,,10,445,,11/6/2024
261,Mateo,Elphey,false,,6,730,,3/8/2024
262,Nissie,Courcey,false,,,252,,9/26/2023
263,Nomi,Kernoghan,true,,,551,,7/3/2024
264,Lutero,Bessant,true,,,986,,10/25/2023
265,Rory,Shimoni,true,,9,981,,3/14/2024
266,Kurtis,Concannon,false,,,935,,10/15/2023
267,Otho,Zealy,false,,11,438,,9/29/2023
268,Devin,Sheldrake,false,,,754,,9/2/2024
269,Imelda,Weightman,true,,,1193,,4/8/2024
270,Archibaldo,Gunney,true,,,1441,,9/28/2024
271,Elwin,Theml,false,,,,,10/5/2024
272,Marlin,Mulderrig,true,,1,1422,,3/4/2024
273,Glenn,Chalk,false,,,1457,,8/29/2024
274,Bart,Craigmile,false,,,482,,7/12/2023
275,Ambur,Boncoeur,false,,,653,,8/25/2023
276,Gus,Elsby,false,,8,356,,1/28/2025
277,Abelard,Robic,true,,1,1164,,6/13/2024
278,Thom,McGarvie,true,,,,,5/18/2024
279,Budd,Prantl,true,,1,1471,,11/25/2023
280,Oby,Blaiklock,false,,,627,,12/31/2024
281,Bradan,Connah,true,,6,276,,8/16/2024
282,Valaria,Emm,true,,9,821,,6/28/2024
283,Roxanna,Perulli,false,,,604,,10/31/2024
284,Symon,Bastone,false,,15,493,,1/2/2024
285,Ranique,Pearcehouse,true,,,1393,,7/9/2023
286,Herbert,Roberto,true,,15,444,,2/5/2024
287,Stearn,Cammiemile,true,,,281,,2/26/2024
288,Sada,Sammes,true,,,1132,,1/21/2025
289,Finley,Habercham,false,,9,,,8/7/2024
290,Christian,Sylvester,false,,10,317,,11/12/2024
291,Lorna,Knapp,false,,14,112,,5/11/2024
292,Herold,Stanfield,true,,5,264,,10/29/2024
293,Fan,Fargher,true,,12,562,,12/3/2023
294,Vivia,Nevet,false,,,459,,3/15/2024
295,Em,MacMorland,false,,,261,,8/31/2024
296,Debera,Ivanin,false,,4,797,,7/11/2024
297,Donnie,Strongitharm,false,,15,66,,1/14/2025
298,Steffie,Raden,false,,,181,,5/9/2024
299,Caitlin,Dybell,false,,,300,,8/28/2023
300,Gerrie,Oppy,true,,,1401,,9/5/2024
301,Ingamar,Edwardson,true,,12,373,,12/14/2024
302,Bucky,Touson,false,,7,,,9/14/2023
303,Katusha,Shotbolt,true,,4,,,9/13/2024
304,Modestine,Cordey,false,,,824,,10/28/2023
305,Gunilla,Potts,false,,4,248,,8/3/2024
306,Blythe,Janjic,false,,,1077,,12/2/2023
307,Bill,Shovlin,false,,11,174,,11/19/2023
308,Oswald,Klaesson,true,,,1317,,12/18/2024
309,Aristotle,Segrott,false,,,1451,,1/6/2025
310,Kristopher,Cordsen,true,,,218,,8/8/2024
311,Laetitia,Ecclestone,false,,3,786,,10/2/2024
312,Nanon,Pahlsson,true,,,,,1/5/2025
313,Shanta,Wishkar,true,,,844,,10/21/2023
314,Timmy,Mattecot,false,,1,475,,4/23/2024
315,Tracy,Le Surf,false,,15,209,,4/27/2024
316,Norrie,Dericot,true,,,783,,1/12/2024
317,Kahaleel,Casarino,true,,,208,,7/11/2024
318,Myron,Perrelli,true,,,630,,8/17/2024
319,Rakel,Chandler,true,,,1327,,10/13/2023
320,Burt,Crabbe,false,,4,704,,9/26/2024
321,Meredith,Delieu,false,,,,,9/17/2024
322,Stormie,Phelp,true,,13,1026,,12/11/2024
323,Doralyn,Hyslop,false,,8,485,,9/29/2023
324,Bev,Crank,true,,,73,,8/9/2024
325,Ambrosius,Casel,false,,7,875,,7/14/2024
326,Dorena,Jaggers,false,,,837,,12/31/2024
327,Bree,Marguerite,false,,,1051,,10/18/2024
328,Goraud,Hartman,false,,6,528,,10/7/2024
329,Birdie,Matousek,true,,10,,,11/26/2024
330,Sheba,Twiddy,false,,,987,,2/25/2025
331,Bat,Durman,true,,,,,1/4/2025
332,Ardene,Mayhow,false,,,1348,,1/5/2025
333,Katrinka,Tarbin,true,,1,1321,,6/4/2024
334,Marchall,MacKenny,false,,,,,12/15/2023
335,Joella,Lingard,true,,,957,,8/14/2023
336,Ashlen,Stainer,true,,,351,,2/6/2025
337,Fredric,Vanyashin,true,,4,1073,,11/2/2023
338,Nikki,Stowgill,true,,,1136,,12/16/2023
339,Uriah,Clutterham,true,,12,182,,5/7/2024
340,Dorotea,Gwatkins,false,,5,808,,2/19/2025
341,Abel,Buddell,true,,,1312,,10/10/2024
342,Kyla,Donisthorpe,false,,,1037,,12/15/2024
343,Dill,Colnett,false,,5,677,,11/10/2024
344,Erinna,Asbury,false,,15,277,,2/28/2024
345,Lusa,Joskowicz,true,,1,566,,10/25/2024
346,Cicily,Allmark,false,,,800,,6/30/2024
347,Elke,Yersin,false,,3,1293,,10/27/2023
348,Elton,Winsor,false,,14,1483,,7/24/2024
349,Jamaal,Werrett,true,,,624,,12/18/2024
350,Dalt,Romagosa,true,,10,960,,7/6/2023
351,Penni,Jensen,true,,7,151,,5/15/2024
352,Caron,Van der Baaren,true,,1,57,,8/5/2024
353,Gayla,Tollady,true,,,1369,,8/20/2023
354,Worthington,Savery,true,,,397,,10/28/2023
355,Luciano,Minear,true,,14,380,,2/25/2024
356,Dorelia,Mcsarry,true,,9,1175,,11/25/2024
357,Carita,Dendon,true,,,661,,1/2/2024
358,Newton,Lythgoe,true,,,561,,1/14/2024
359,Thomasin,Wikey,false,,7,366,,7/1/2024
360,Chloe,Castelijn,false,,4,609,,10/17/2024
361,Thaxter,Innett,false,,,463,,8/26/2024
362,Gareth,Wonfar,true,,,1455,,1/13/2024
363,Dennie,Toovey,false,,,1166,,7/10/2023
364,Dud,Grimoldby,true,,,991,,6/21/2024
365,Dieter,Byng,false,,3,698,,10/18/2024
366,Spike,Petheridge,false,,,295,,12/8/2024
367,Esta,Guyan,true,,9,,,8/12/2023
368,Dacey,Marini,true,,10,151,,8/9/2024
369,Karin,Ransom,true,,14,412,,10/30/2023
370,Marlie,Fausch,true,,7,91,,2/4/2025
371,Katlin,Yanez,false,,,272,,5/12/2024
372,Nels,Betteridge,true,,7,90,,11/17/2023
373,Diego,Stickland,false,,,792,,9/2/2023
374,Bent,Priestman,true,,,993,,7/7/2024
375,Marv,Tatlowe,false,,13,667,,6/7/2024
376,Lorri,Fisby,false,,3,505,,9/6/2023
377,Sky,Wasling,false,,,,,6/18/2024
378,Silvester,Biasioli,false,,3,36,,11/17/2023
379,Chaim,Hadrill,true,,,1462,,2/10/2024
380,Nessi,Billingham,true,,12,704,,9/10/2024
381,Rochell,Hens,true,,11,1358,,3/24/2024
382,Emiline,Pellant,true,,10,1110,,10/5/2023
383,Ferdinand,Pawlyn,true,,,212,,2/14/2024
384,Monti,Ashburne,true,,8,811,,2/21/2024
385,Tricia,Blethin,true,,4,688,,4/28/2024
386,Lusa,Kempe,false,,,817,,10/8/2024
387,Jared,Woffinden,false,,,85,,1/22/2024
388,Heath,Jodlowski,true,,,117,,8/12/2024
389,Stephanie,Harrington,false,,,894,,10/17/2024
390,Tandi,Leyshon,false,,6,279,,3/30/2024
391,Maxy,Wolford,true,,,1328,,8/26/2023
392,Collete,O'Keenan,true,,,1070,,6/20/2024
393,Beatriz,Cicutto,true,,8,941,,3/28/2024
394,Nichols,Antonoyev,true,,8,1308,,12/24/2024
395,Pam,Skowcraft,false,,4,661,,11/9/2024
396,Rene,Rubert,false,,4,80,,12/5/2023
397,Starlin,Rannells,false,,9,788,,6/26/2024
398,Mile,Polon,false,,,832,,1/7/2025
399,Trista,Smurthwaite,true,,15,242,,8/19/2024
400,Domeniga,Collinwood,false,,,497,,4/30/2024
401,Hazel,Kamenar,true,,7,1373,,10/31/2023
402,Aida,Smy,false,,,1178,,9/18/2023
403,Cherlyn,Kinnoch,false,,,910,,10/31/2024
404,Loella,Farge,true,,,42,,9/1/2024
405,Linet,Arnholdt,true,,,1134,,9/6/2024
406,Wakefield,Chidler,true,,5,29,,2/13/2024
407,Lainey,Haythorne,true,,,1315,,4/2/2024
408,Maud,Mashro,true,,2,50,,2/13/2024
409,Luther,Gunny,false,,1,353,,6/29/2024
410,Ethyl,Tompkinson,true,,6,318,,3/23/2024
411,Colet,Goldstraw,true,,,245,,8/21/2024
412,Darci,Amar,false,,,871,,10/1/2024
413,Julienne,Kernan,true,,,326,,8/23/2023
414,Berton,Brammall,true,,13,234,,9/24/2024
415,Robyn,Haldon,false,,3,1358,,6/19/2024
416,Suzanna,Rowney,true,,,1073,,3/10/2024
417,Gussie,Dowell,true,,1,934,,8/16/2023
418,Jolynn,Fenne,false,,,287,,9/12/2023
419,Norene,Stollard,true,,6,1178,,2/8/2024
420,Bea,Verrico,true,,,1455,,3/2/2024
421,Meggie,Skeeles,true,,8,5,,9/16/2023
422,Ario,Fundell,false,,,389,,1/18/2025
423,Inessa,Goodhew,true,,11,1084,,9/21/2023
424,Maible,Sivil,false,,,41,,5/10/2024
425,Miltie,Marns,false,,,440,,12/27/2024
426,Ferd,Dikelin,true,,7,434,,10/13/2023
427,Starla,Darrington,false,,5,871,,7/31/2023
428,Guinna,Cobby,false,,7,1066,,1/2/2024
429,Hadley,Allchorne,false,,11,185,,12/13/2023
430,Thomasin,Ely,false,,,762,,4/1/2024
431,Webb,Malkie,false,,10,850,,12/5/2024
432,Kristoffer,Lynagh,false,,,224,,8/10/2023
433,Stacia,Solland,true,,,1189,,1/17/2024
434,Engelbert,Aplin,true,,8,936,,11/16/2023
435,Randy,Ferney,true,,,1361,,2/20/2024
436,Rozina,Lambourne,false,,,808,,8/2/2023
437,Wolfy,Feldbau,true,,,17,,5/11/2024
438,Pavel,Brooks,false,,,953,,9/1/2024
439,Drucie,Serchwell,true,,,535,,8/14/2024
440,Kriste,Jedrzejczyk,false,,10,301,,12/18/2023
441,Ashli,Saffen,false,,,1263,,10/17/2023
442,Leta,Abrahamson,false,,,1341,,6/17/2024
443,Garrot,Heims,false,,,1142,,4/2/2024
444,Valencia,Clilverd,false,,8,119,,12/15/2023
445,Lucine,Duggary,false,,5,760,,8/7/2024
446,Hedwiga,Tesoe,true,,,1287,,5/8/2024
447,Earlie,Pllu,false,,2,271,,8/30/2024
448,Kacie,Fairman,false,,,85,,12/24/2024
449,Langston,Thebeau,false,,12,347,,12/7/2024
450,Florri,Gerdes,false,,,473,,12/5/2023
451,Benson,Gorke,false,,,,,5/8/2024
452,Henry,Kisbey,false,,15,804,,11/26/2023
453,Eduardo,Setchell,false,,2,,,1/29/2025
454,Thalia,How,false,,7,803,,8/14/2024
455,Chico,Ipgrave,false,,8,1034,,7/1/2024
456,Randolph,Cammocke,false,,,867,,2/11/2024
457,Tremayne,Ace,false,,8,1283,,10/30/2023
458,Julieta,Driffe,true,,8,,,7/5/2024
459,Ulrike,Atkyns,true,,,,,11/7/2024
460,Chad,Rook,true,,11,1125,,7/31/2023
461,Hortensia,Euplate,true,,,688,,12/23/2023
462,Giraud,Barnwall,true,,3,1353,,8/29/2024
463,Hendrick,Jentgens,false,,,118,,12/18/2024
464,Simone,Worsall,false,,13,506,,10/28/2024
465,Chalmers,Shalloo,true,,,68,,2/15/2025
466,Janice,Antognoni,false,,5,99,,6/12/2024
467,Maurita,Yonnie,true,,4,927,,8/18/2024
468,Hymie,Gemmell,false,,15,857,,7/29/2023
469,Kelbee,Godin,true,,,826,,9/18/2024
470,Rockey,Skatcher,false,,12,82,,11/14/2023
471,Juli,Chastagnier,false,,,834,,11/22/2024
472,Aleen,Evers,false,,7,681,,5/14/2024
473,Selestina,Beagin,true,,10,512,,6/15/2024
474,Tina,Benning,true,,13,,,3/17/2024
475,Sumner,Cardus,false,,11,1443,,2/1/2024
476,Zackariah,Westphalen,true,,,816,,9/7/2024
477,Pier,Corke,true,,9,1389,,2/3/2024
478,Ethe,Wild,true,,,911,,9/30/2023
479,Dorena,Ridgeway,true,,7,1478,,11/25/2023
480,Wally,Johnsee,false,,,64,,2/8/2025
481,Lannie,Lailey,false,,,322,,11/18/2023
482,Kim,Van der Hoeven,false,,13,,,2/11/2024
483,Waneta,Stoeckle,true,,4,1066,,8/8/2023
484,Yale,Marvel,true,,,91,,9/15/2023
485,Emmaline,Watters,true,,2,444,,12/12/2024
486,Leigh,Saddleton,false,,14,39,,3/15/2024
487,Bram,Dowle,false,,,1163,,2/15/2025
488,Andres,Master,true,,4,1440,,6/23/2024
489,Sibley,Tavener,false,,15,1236,,11/18/2023
490,Alexandrina,Byrch,false,,,1406,,3/25/2024
491,Jacquie,McAtamney,true,,,1057,,10/4/2023
492,Wilona,Zannini,false,,14,1255,,8/18/2023
493,Winny,Ellesmere,false,,11,895,,6/22/2024
494,Chev,Wimbury,true,,7,,,4/29/2024
495,Sandye,Arnefield,true,,,1211,,12/21/2024
496,Titos,Neeves,true,,13,,,4/2/2024
497,Nick,Watkiss,false,,10,69,,10/5/2023
498,Damara,Gravenell,true,,13,293,,1/31/2024
499,Avril,Giffen,true,,5,1449,,1/23/2024
500,Slade,Lober,false,,,9,,6/6/2024
501,Deny,Bremen,true,,14,25,,12/3/2023
502,Forester,Caddie,true,,3,,,7/7/2023
503,Keir,Broadhurst,true,,,380,,11/2/2023
504,Hilarius,Furness,false,,6,426,,11/27/2024
505,Tawnya,Zelley,true,,,1166,,7/4/2024
506,Mitchel,Simonds,true,,6,517,,1/11/2025
507,Thaddeus,Calvie,true,,13,483,,7/5/2024
508,Jo ann,O'Docherty,false,,9,24,,11/26/2023
509,Zebedee,Stadding,true,,,137,,7/28/2023
510,Orelee,Molloy,false,,,1208,,12/3/2024
511,Sean,McAndrew,true,,,1423,,5/4/2024
512,Beth,Van Halle,false,,,414,,11/24/2023
513,Erskine,Maffin,false,,6,694,,1/5/2025
514,Joelly,Gillcrist,false,,2,578,,8/28/2024
515,Moses,Arnaudet,true,,,1119,,11/25/2024
516,Flint,Bucklan,true,,15,460,,7/26/2023
517,Tessy,Truett,true,,9,687,,3/26/2024
518,Sydelle,Petric,true,,9,917,,1/31/2024
519,Fidelity,Bouch,false,,2,1287,,11/6/2023
520,Jesus,Cade,true,,3,1380,,7/20/2023
521,Julina,Bourthoumieux,false,,,575,,7/31/2024
522,Matthieu,Corben,false,,15,226,,6/1/2024
523,Yorker,Colleton,true,,,1107,,9/10/2023
524,Jimmy,Corre,true,,2,1086,,7/23/2024
525,Cammy,Commander,true,,,974,,6/29/2024
526,Jonie,Teaser,true,,10,235,,9/15/2023
527,Robby,McClosh,true,,10,1146,,7/27/2024
528,Ainslee,Bartolomeu,true,,1,76,,7/7/2023
529,Hilary,Metts,true,,15,539,,1/21/2025
530,Cally,Durnell,true,,,739,,10/21/2024
531,Bendite,Bellchamber,true,,3,851,,11/23/2023
532,Amye,Izac,false,,,189,,7/14/2024
533,Bernardina,Pirie,true,,4,1146,,12/1/2024
534,Grant,Dobbson,true,,,612,,2/3/2025
535,Ruddie,Russi,false,,1,1218,,8/7/2024
536,Christian,Murton,false,,,931,,9/16/2024
537,Sophie,Kildahl,false,,12,1476,,9/11/2024
538,Mike,Koles,false,,9,362,,2/6/2024
539,Van,Readings,true,,,1467,,4/10/2024
540,Tabby,Dulwich,true,,1,482,,10/19/2024
541,Ken,Bryning,true,,,1077,,2/10/2024
542,Brennen,Ewles,true,,,610,,6/19/2024
543,Eilis,Spadoni,true,,9,1257,,12/7/2023
544,Jacquenetta,Paszek,false,,13,134,,4/24/2024
545,Isidro,Tween,true,,4,1362,,8/12/2023
546,Nessa,Woolmore,true,,4,128,,9/1/2023
547,Adolphe,Blaine,false,,,1269,,3/4/2024
548,Sal,Kiossel,false,,,530,,12/1/2024
549,Cletus,MacTague,true,,,136,,6/9/2024
550,Annora,Mutter,true,,13,510,,12/18/2024
551,Sibylle,Willshire,true,,,390,,11/20/2024
552,Conrado,Ellingham,true,,,611,,12/14/2024
553,Terrance,Cobbledick,false,,10,1057,,1/30/2024
554,Keane,Vuittet,true,,3,1478,,9/18/2023
555,Flss,Saphin,true,,,523,,1/20/2025
556,Nanny,Fewings,true,,,814,,1/23/2025
557,Vachel,Sprason,false,,,59,,2/3/2024
558,Wat,Ales,false,,,18,,2/15/2024
559,Frannie,Gonnin,false,,11,158,,8/22/2023
560,Darcey,Antliff,false,,,1210,,9/15/2024
561,Thibaut,Gribbins,true,,14,999,,9/30/2024
562,Georgianna,McLenaghan,false,,,621,,9/5/2024
563,Becki,Baptiste,true,,,793,,12/26/2023
564,Dulcy,Greep,true,,8,578,,2/15/2024
565,Eddie,Margiotta,false,,,805,,1/27/2025
566,Amble,Sutheran,true,,6,69,,12/10/2023
567,Giffer,Sowten,false,,3,545,,1/16/2025
568,Alvira,Leverett,true,,11,1153,,3/2/2024
569,Aurelia,Liquorish,false,,5,287,,5/16/2024
570,Emalia,Busfield,true,,,,,4/11/2024
571,Bernice,Dewer,false,,8,830,,1/7/2024
572,Lowell,Shoveller,true,,5,1300,,4/11/2024
573,Sapphira,Simonassi,true,,,1203,,8/19/2024
574,Shaine,Muneely,true,,,742,,11/9/2023
575,Stepha,Ysson,true,,4,214,,7/8/2024
576,Bern,Stoll,false,,2,45,,11/26/2024
577,Michel,O'Hanley,true,,,1337,,3/5/2024
578,Rolando,Bouldstridge,true,,7,136,,3/24/2024
579,Hernando,Jeannard,true,,14,61,,10/12/2023
580,Martainn,Comben,true,,,793,,5/2/2024
581,Demetria,Wasteney,true,,14,696,,8/3/2024
582,Ertha,Sansum,true,,,1228,,12/1/2024
583,Gwenny,Sexcey,true,,,825,,2/3/2025
584,Cherye,Tuck,false,,5,136,,9/16/2023
585,Geoffrey,Van Schafflaer,true,,6,1004,,10/19/2024
586,Kamillah,Pethrick,true,,,715,,1/31/2025
587,Kaylyn,Rickards,false,,,1040,,11/28/2023
588,Rowena,Tombling,false,,,992,,10/4/2024
589,Timothee,Cokayne,true,,2,1478,,7/12/2024
590,Thor,Chessum,true,,,192,,8/19/2023
591,Pall,Hardiker,false,,,914,,1/29/2024
592,Elianore,Reoch,false,,6,1112,,2/9/2025
593,Georgeanna,Daingerfield,false,,13,43,,6/28/2024
594,Tim,Pieche,true,,15,1114,,12/18/2023
595,Hayyim,Broadfoot,false,,,1283,,11/13/2024
596,Vicky,Bysh,false,,,344,,6/27/2024
597,Emmey,Mathie,true,,,1190,,1/8/2025
598,Orlan,Joutapaitis,false,,,367,,7/30/2023
599,Gerhardt,Stigers,false,,15,145,,3/4/2024
600,Chevalier,Veness,false,,,1069,,2/23/2024
601,Orelee,Justice,false,,4,971,,11/26/2024
602,Fremont,McTurk,true,,,996,,9/22/2024
603,Gretel,Rodenhurst,true,,,1290,,8/18/2023
604,Sascha,Rojel,false,,,1498,,5/11/2024
605,Web,Keyho,true,,,171,,10/26/2024
606,Adorne,Viggers,false,,,1019,,3/10/2024
607,Wilone,Vanini,false,,7,162,,8/12/2024
608,Austina,Limming,false,,3,170,,3/15/2024
609,Berny,Sowerbutts,true,,12,1082,,9/26/2023
610,Rogers,Sherwen,false,,3,435,,9/28/2023
611,Chrissy,Harriday,true,,,894,,6/4/2024
612,Wallas,Redmain,false,,7,996,,11/10/2023
613,Hannis,Gellion,true,,5,418,,10/19/2024
614,Andy,Plait,false,,9,201,,8/25/2024
615,Micki,Gomar,false,,4,1200,,3/16/2024
616,Kacie,Tydeman,false,,,653,,7/2/2023
617,Roxi,Mapledorum,true,,,,,2/28/2024
618,Erika,Andreas,true,,,486,,8/11/2023
619,Gaby,Chippin,false,,,1002,,11/4/2023
620,Dunstan,Midson,true,,3,829,,9/15/2023
621,Dusty,Baskett,true,,7,1343,,4/8/2024
622,Payton,Trevenu,true,,,1402,,7/27/2023
623,Duffie,Shillingford,false,,,80,,10/8/2023
624,Zebadiah,Farey,false,,9,1044,,1/28/2024
625,Vally,Yann,false,,9,,,5/16/2024
626,Dalton,Cashen,false,,6,157,,10/28/2024
627,Bartlett,Jurgenson,true,,6,609,,3/5/2024
628,Beatriz,Deeley,true,,,863,,4/17/2024
629,Marlee,Wille,true,,,985,,12/13/2024
630,Fonsie,Barrow,true,,5,,,8/17/2023
631,Amelie,Hindsberg,false,,15,84,,8/22/2024
632,Joanna,Ambroziak,false,,,,,4/21/2024
633,Harmon,Alcido,false,,,527,,9/30/2024
634,Griswold,Yven,true,,,938,,9/8/2023
635,Linnell,Tupper,true,,1,717,,10/17/2023
636,Davy,Burger,true,,6,9,,11/22/2023
637,Laraine,Bogaert,true,,,385,,4/8/2024
638,Rowland,Shephard,false,,8,84,,7/8/2024
639,Smitty,Dailly,true,,6,1257,,1/8/2025
640,Miguela,Frantsev,true,,7,277,,7/7/2024
641,Karney,Colthard,true,,,41,,10/27/2023
642,Vincent,Rosindill,false,,,89,,7/30/2023
643,Chrysa,Relph,false,,13,799,,3/2/2024
644,Bettine,Bydaway,true,,14,576,,8/24/2023
645,Liva,Becraft,true,,7,345,,12/13/2023
646,Haily,Lightbown,true,,,1405,,9/28/2023
647,Ralina,Ithell,false,,1,964,,1/7/2024
648,Isadore,Lowles,false,,10,1225,,8/2/2023
649,Corenda,Baglow,true,,4,604,,8/22/2024
650,Robinet,Loosely,true,,8,847,,1/20/2025
651,Gregorius,Wenden,true,,,171,,12/20/2024
652,Stuart,Brady,false,,,621,,10/4/2023
653,Michaella,Brotherton,false,,10,1322,,9/8/2023
654,Aguste,Pflieger,false,,,1236,,8/29/2024
655,Papageno,Briance,false,,,904,,11/14/2023
656,Rozella,Dowty,false,,9,,,2/17/2025
657,Filippo,Douthwaite,false,,,1199,,12/13/2024
658,Lexis,Jagson,true,,,1445,,11/16/2023
659,Ole,Bullin,false,,13,589,,7/19/2024
660,Jermayne,Newbury,true,,,796,,10/22/2024
661,Benedict,Alfuso,false,,4,1194,,11/27/2024
662,Malinda,Donaway,true,,14,1048,,9/24/2023
663,Brunhilde,Seiter,true,,14,274,,8/20/2023
664,Putnam,Greenlees,false,,,614,,2/17/2024
665,Lyon,Hiley,false,,,484,,12/10/2023
666,Courtnay,Thominga,true,,,886,,6/3/2024
667,Hildagarde,Longrigg,true,,,1194,,1/31/2025
668,Emmy,Board,true,,,136,,2/23/2025
669,Faustina,Ruberry,false,,11,272,,9/2/2023
670,Gail,Ozintsev,true,,,1250,,2/20/2024
671,Roderick,Kennaway,false,,,366,,10/6/2023
672,Dorie,McGeouch,false,,13,219,,8/23/2023
673,Gilly,Deely,true,,,15,,12/20/2024
674,Ambros,Tyres,true,,,1,,12/24/2023
675,Cordie,Del Castello,false,,,544,,9/30/2023
676,Ogdon,Santen,false,,,346,,1/20/2025
677,Inna,Manneville,true,,11,673,,10/18/2023
678,Mathian,Bamlett,true,,,1242,,2/12/2025
679,Debor,Quirke,true,,6,930,,7/5/2023
680,Yvor,Dhenin,true,,,1416,,10/4/2023
681,Gayler,Redgrove,false,,11,427,,8/1/2023
682,Hayden,Emlen,true,,,614,,12/5/2023
683,Virgie,Baffin,false,,3,655,,11/26/2023
684,Hesther,Baccas,false,,,218,,4/27/2024
685,Mickey,Kesterton,false,,8,959,,7/20/2024
686,Brent,Gulliford,true,,8,529,,12/10/2024
687,Tedda,Ionnidis,true,,,176,,10/26/2024
688,Ringo,O'Hare,false,,2,1470,,1/8/2024
689,Manuel,Moorcraft,true,,,466,,11/21/2024
690,Elwira,Camamill,true,,,582,,10/25/2023
691,Dulci,Torrance,true,,10,1170,,11/11/2023
692,Rance,Fassmann,false,,10,,,3/10/2024
693,Cole,MacShirrie,true,,,12,,8/13/2024
694,Abra,Wincer,true,,,956,,3/26/2024
695,Cullan,Thoresbie,true,,,438,,3/14/2024
696,Adaline,Reis,false,,,1101,,9/21/2024
697,Paten,Quig,true,,,627,,10/11/2024
698,Karoline,McKernan,true,,11,266,,9/30/2023
699,Louis,Bloore,true,,14,276,,8/18/2023
700,Allayne,Stowell,true,,,145,,2/12/2024
701,Cynthy,Brabyn,false,,7,278,,5/23/2024
702,Ancell,Renals,true,,,478,,6/5/2024
703,Jannel,Greatbank,true,,9,1221,,12/16/2024
704,Wat,Dyment,false,,,854,,3/30/2024
705,Terese,Carleman,false,,13,675,,5/14/2024
706,Ryon,Ferriere,false,,,721,,6/11/2024
707,Maje,Tithacott,true,,1,890,,8/25/2024
708,Tammy,Nazareth,true,,4,751,,5/19/2024
709,Violetta,Thor,true,,,1253,,7/8/2024
710,Zonda,Toffanini,true,,1,1404,,6/5/2024
711,Pietrek,McWard,true,,,397,,9/28/2023
712,Anthe,Bonnick,false,,,772,,5/23/2024
713,Shep,Pinnere,false,,,1308,,7/22/2024
714,Sidoney,Tomadoni,true,,2,1051,,9/28/2023
715,Nicky,Buggs,true,,2,1348,,11/22/2023
716,Devinne,Mordue,false,,1,675,,9/15/2023
717,Rogers,Poulsum,false,,,162,,4/9/2024
718,Fanny,Seagrave,true,,,823,,7/13/2024
719,Harvey,Deshon,false,,,,,11/18/2024
720,Leland,Alabaster,true,,,1409,,1/26/2025
721,Lavinia,Spink,true,,,543,,11/3/2024
722,Cicily,Dellenbroker,true,,,,,10/10/2024
723,Shelia,Pritchard,false,,,1128,,6/25/2024
724,Berti,Fruen,false,,7,821,,12/30/2024
725,Tobiah,Whoston,true,,6,723,,9/19/2024
726,Immanuel,Chamney,true,,4,259,,4/12/2024
727,Shellysheldon,Geratasch,true,,10,8,,1/27/2024
728,Anet,Fontel,false,,,887,,10/29/2024
729,Karry,Willoughby,false,,,386,,8/1/2023
730,Wainwright,Johananov,true,,4,235,,11/22/2024
731,Millisent,Lowman,false,,9,484,,10/30/2023
732,Janene,Gillott,true,,,867,,12/7/2023
733,Ronald,Daniele,false,,9,142,,7/6/2023
734,Anna-diane,Hixson,true,,,591,,7/13/2023
735,Byrom,Linnemann,true,,14,97,,9/7/2024
736,Candy,Humphery,true,,,172,,9/22/2024
737,Matthieu,Behnecke,true,,9,977,,1/8/2024
738,Pavla,Rodinger,true,,14,330,,12/27/2024
739,Belia,Fusedale,true,,,534,,9/6/2023
740,Delia,Eyree,true,,,757,,9/1/2023
741,Cooper,Luxton,false,,,1357,,11/23/2023
742,Oran,Beamond,true,,9,136,,4/18/2024
743,Ethel,De Giorgio,false,,,375,,12/14/2024
744,Reade,Faircloth,false,,5,,,11/22/2023
745,Rayshell,Anfusso,false,,14,987,,10/29/2023
746,Westbrook,Vamplus,true,,,786,,10/19/2023
747,Shaine,Tutsell,false,,10,463,,3/4/2024
748,Shermy,Skyrme,false,,,1241,,10/19/2024
749,Hugues,Screach,false,,,1180,,1/5/2024
750,Yves,Jantzen,true,,9,215,,3/23/2024
751,Pennie,Sugden,false,,6,474,,7/14/2024
752,Selina,McCorkindale,true,,,58,,3/15/2024
753,Tish,Hatt,false,,,318,,7/8/2024
754,Vernor,Schroter,false,,,519,,9/11/2023
755,Essy,Grise,true,,13,1299,,8/16/2023
756,Hermia,Montford,false,,,652,,12/17/2023
757,Quillan,De'Ath,false,,,1191,,9/26/2024
758,Julienne,Farrens,true,,11,1104,,10/12/2024
759,Sonnnie,Piatto,true,,5,266,,7/24/2024
760,Aloysia,Ceaplen,false,,7,1144,,10/29/2024
761,Melodee,Shields,false,,,1165,,1/9/2025
762,Anabal,Matei,true,,2,805,,4/11/2024
763,Orson,Bramwell,true,,10,149,,7/31/2024
764,Athena,Lunbech,false,,,1145,,7/5/2024
765,Jillene,Males,true,,,838,,11/23/2023
766,Zolly,Dyer,true,,8,604,,7/6/2023
767,Gilda,Fruser,true,,,1172,,2/24/2025
768,Mord,Dower,true,,,754,,7/22/2024
769,Jammie,Wilbor,false,,3,1166,,4/1/2024
770,Archer,Andren,true,,6,631,,7/24/2024
771,Katy,Jeenes,true,,,651,,1/26/2025
772,Gisele,Atcherley,true,,3,811,,10/13/2024
773,Jared,Sharphurst,true,,7,405,,1/24/2025
774,Kerri,Pine,false,,,598,,8/1/2024
775,Wendel,Tiddeman,false,,7,893,,12/22/2024
776,Zaccaria,Attenbrough,true,,13,1143,,11/27/2024
777,Dolli,Curley,true,,,415,,12/22/2024
778,Martie,Twycross,true,,13,273,,2/16/2024
779,Karlen,Deneve,false,,6,401,,10/24/2023
780,Gaultiero,MacKeogh,true,,15,1138,,7/14/2023
781,Myles,Borell,true,,,530,,11/18/2024
782,Lek,Welden,false,,,1372,,8/3/2023
783,Glad,Coughlin,false,,12,711,,10/30/2023
784,Sharyl,Constance,true,,,91,,12/28/2024
785,Lisabeth,Widmore,true,,,231,,9/28/2023
786,Winnie,Rudgard,false,,14,540,,6/30/2024
787,Josie,Dunbobin,false,,,882,,5/7/2024
788,Jayme,McLarens,true,,,944,,10/13/2024
789,Isabelita,Pittford,false,,14,301,,12/20/2024
790,Anthony,Ourtic,true,,,125,,11/28/2023
791,Idalia,Erdely,false,,6,1414,,7/6/2024
792,Ann-marie,Deelay,false,,3,497,,7/30/2023
793,Mordy,Graham,true,,12,570,,4/10/2024
794,Freeland,Cleminson,true,,2,472,,9/18/2023
795,Sigrid,Foulstone,false,,6,314,,10/12/2024
796,Coral,Pavlasek,false,,,33,,8/26/2023
797,Mandie,Finker,true,,,97,,2/4/2025
798,Clair,Chicchelli,true,,5,792,,12/31/2023
799,Letti,Davenell,false,,,1029,,12/9/2023
800,Perry,Thomlinson,false,,,745,,9/14/2023
801,Harvey,MacKnocker,true,,10,1179,,4/27/2024
802,Tiffanie,Wenham,true,,1,1376,,7/2/2024
803,Gweneth,Bramo,false,,10,933,,12/23/2024
804,Sharyl,McKinley,false,,,642,,9/17/2023
805,Lexine,Lyon,true,,1,807,,11/19/2023
806,Odette,Corteney,true,,,1392,,5/4/2024
807,Bonni,Ferruzzi,false,,1,,,8/29/2024
808,Derrick,Kennermann,false,,,1048,,10/25/2024
809,Hilda,Quesne,false,,,504,,11/24/2024
810,Maryanne,Blastock,false,,,804,,7/8/2024
811,Kay,Origan,true,,,585,,2/4/2025
812,Dannel,Rubenov,false,,12,1022,,3/18/2024
813,Sarajane,Conisbee,false,,,1099,,7/7/2023
814,Eric,Bean,false,,,428,,10/24/2024
815,Iormina,Escritt,false,,4,184,,8/5/2023
816,Leonanie,Cockhill,true,,13,1366,,6/21/2024
817,Dion,Sobczak,false,,4,1297,,12/12/2024
818,Eve,Simmance,true,,6,52,,1/26/2025
819,Wat,Booth,true,,,1206,,1/6/2024
820,Susan,Ashlee,false,,,1089,,7/19/2023
821,Wayne,Janecki,true,,1,46,,9/17/2023
822,Juliette,Cridlon,false,,,452,,2/3/2025
823,Miles,Wanjek,true,,13,1400,,10/4/2023
824,Niel,Doul,false,,13,623,,8/13/2024
825,Fara,Kinglake,false,,6,255,,1/14/2024
826,Robin,Perocci,true,,,312,,7/17/2024
827,Uriel,Drayson,true,,2,1368,,3/12/2024
828,Moshe,Mazzia,false,,,1256,,1/31/2024
829,Corny,Orgel,true,,,1263,,5/29/2024
830,Devin,Macguire,true,,,725,,7/6/2024
831,Cheston,Playle,true,,,860,,9/6/2023
832,Melisent,Bedenham,false,,13,1328,,10/4/2024
833,Lane,McKinney,true,,,54,,12/20/2024
834,Modesty,Alejandri,false,,13,293,,2/22/2025
835,Flem,O'Longain,false,,5,,,5/22/2024
836,Ichabod,Pavlovic,false,,13,1481,,3/6/2024
837,Luise,Borrett,false,,4,,,9/27/2023
838,Celia,Prestner,false,,,179,,1/9/2025
839,Gallard,Goede,false,,,73,,9/12/2024
840,Gwenny,Garretson,false,,,,,7/1/2024
841,Eunice,Tschirschky,true,,9,76,,5/7/2024
842,Pyotr,Degue,false,,14,169,,7/9/2023
843,Bruce,Goodoune,true,,6,1057,,12/29/2024
844,Hew,Ogles,false,,14,1361,,10/8/2024
845,Odelle,Durden,true,,6,1111,,10/1/2024
846,Leta,Gerlack,true,,3,1346,,10/23/2023
847,Leonhard,Brydon,true,,,719,,10/11/2023
848,Sarette,Tomblin,true,,5,632,,10/5/2023
849,Dionysus,Lebell,true,,,616,,2/9/2025
850,Maggy,Bolitho,false,,,350,,12/21/2024
851,Tedi,Le-Good,true,,3,735,,12/15/2024
852,Desi,Stoffels,true,,,24,,10/12/2024
853,Meyer,Cornu,false,,,1380,,4/1/2024
854,Amargo,Pahlsson,true,,6,1201,,12/5/2024
855,Rollins,MacFadin,false,,1,1226,,3/8/2024
856,Manya,Domnick,true,,12,,,11/28/2024
857,Luce,Fulbrook,false,,5,654,,7/9/2023
858,Noll,Kaplan,true,,1,377,,12/20/2023
859,Ysabel,Fassman,false,,14,1429,,11/4/2024
860,Clementia,O'Feeny,true,,,1324,,8/3/2023
861,Roley,Lum,false,,,1499,,9/15/2024
862,Vanya,Tyrwhitt,true,,7,1324,,7/5/2024
863,Cleopatra,Twelvetrees,false,,10,499,,11/18/2024
864,Corene,Silverton,false,,2,181,,5/7/2024
865,Andy,Byart,false,,,103,,9/1/2024
866,Hermann,Barczynski,false,,14,303,,6/7/2024
867,Theobald,O'Scandall,true,,7,858,,6/23/2024
868,Joyann,Bellam,false,,5,174,,11/4/2023
869,Wait,Coleridge,true,,2,158,,2/29/2024
870,Seka,Grinikhin,false,,4,1130,,8/20/2024
871,Christopher,Clayal,true,,4,185,,7/30/2024
872,Ruddy,Orniz,false,,9,1444,,2/16/2024
873,Gale,Graffin,false,,8,1365,,10/19/2024
874,Jodee,Hacket,false,,8,1470,,5/26/2024
875,Idelle,Sealeaf,false,,,1249,,8/13/2023
876,Aimil,Chellam,false,,14,1499,,2/13/2024
877,Ronda,Patullo,false,,9,1248,,1/2/2024
878,Emmalynne,Hinks,false,,,306,,9/9/2024
879,Udale,Betke,true,,,123,,11/11/2024
880,Ileane,Galero,false,,4,1288,,7/3/2024
881,Kev,Dunbleton,true,,,559,,1/1/2025
882,Bard,Timbrell,true,,10,1071,,8/27/2024
883,Iggy,Boatswain,true,,,281,,7/15/2024
884,Jaime,Storm,false,,7,1004,,5/21/2024
885,Pris,Soppit,true,,3,,,11/15/2023
886,Latashia,Rennebach,true,,9,1278,,5/14/2024
887,Donnie,Radage,false,,,1026,,9/14/2024
888,Haslett,Brevetor,false,,,1452,,6/28/2024
889,Robbie,Goford,true,,3,,,10/27/2023
890,Denys,Utting,false,,,115,,11/29/2023
891,Augusta,Van Waadenburg,true,,3,113,,4/21/2024
892,Rebe,Ghirardi,true,,,403,,5/2/2024
893,Che,Rafe,true,,13,1328,,7/17/2024
894,Jeana,Ratnage,true,,,711,,1/7/2025
895,Deedee,Bonnick,true,,9,175,,7/3/2024
896,Algernon,Reditt,true,,,563,,2/27/2024
897,Mark,Nevinson,false,,,294,,10/14/2023
898,Lottie,Coward,false,,10,332,,8/3/2024
899,Grove,Dowse,false,,6,14,,7/5/2024
900,Wait,Vaskov,false,,5,1169,,7/16/2023
901,Cullin,Stansby,true,,,1206,,7/3/2023
902,Brandise,Shaw,true,,,638,,2/10/2024
903,Trish,Cullum,false,,10,378,,12/23/2024
904,Savina,Cregan,true,,,476,,1/17/2024
905,Shamus,MacQueen,false,,,374,,9/3/2023
906,Washington,Reape,true,,,1060,,10/1/2023
907,Krystyna,Ciementini,false,,,1396,,1/24/2025
908,Marje,Ketteridge,false,,,951,,6/9/2024
909,Matthaeus,Ruselin,false,,12,1012,,11/23/2024
910,Gerrard,McWhinnie,false,,14,841,,2/6/2025
911,Coletta,Skeath,false,,,268,,9/30/2023
912,Ophelia,Clulow,false,,1,253,,8/23/2023
913,Xylia,Gradley,true,,14,193,,1/15/2025
914,Beverlie,Wiffler,true,,,22,,4/23/2024
915,Ellissa,Landon,true,,,407,,2/16/2025
916,Chariot,Cranny,false,,9,1104,,7/27/2023
917,Emmanuel,Mallard,true,,,673,,4/9/2024
918,Randi,Moan,false,,,129,,12/11/2024
919,Misha,Ygou,true,,,253,,9/9/2023
920,Nerty,Milby,true,,3,1175,,3/27/2024
921,Shanta,Shippam,true,,5,1450,,4/25/2024
922,Catarina,Luce,true,,,865,,8/25/2023
923,Channa,Oldmeadow,true,,,469,,8/11/2024
924,Gerek,Hedingham,true,,10,511,,8/6/2024
925,Ranique,Leechman,false,,,197,,12/2/2023
926,Maribelle,Loads,true,,4,19,,3/2/2024
927,Shirline,Jiruch,true,,7,417,,11/15/2024
928,Holden,Licquorish,true,,6,1409,,7/16/2023
929,Brand,MacAirt,false,,14,1233,,1/29/2025
930,Quent,Tyre,false,,9,1481,,5/30/2024
931,Alyse,Glazier,false,,13,1127,,9/27/2024
932,Tabb,MacBrearty,false,,,1168,,2/13/2025
933,Lilias,Jouhandeau,false,,1,383,,11/11/2023
934,Leshia,Grissett,false,,,1393,,10/22/2023
935,Shayla,Leehane,true,,8,656,,12/30/2024
936,Stefa,Wootton,false,,,328,,10/13/2023
937,Mose,Poles,true,,,299,,9/26/2024
938,Rowena,Valentim,true,,5,138,,7/4/2023
939,Gun,Kleinschmidt,false,,1,6,,12/10/2023
940,Deva,Gaitley,true,,5,152,,9/24/2024
941,Stesha,Bricklebank,true,,,1439,,11/22/2023
942,Grissel,Raise,false,,1,1012,,5/5/2024
943,Coraline,Vasyaev,true,,1,400,,1/15/2024
944,Chelsey,Krzysztofiak,true,,1,1165,,7/27/2023
945,Fancie,Smoote,false,,5,905,,8/19/2023
946,Kayla,Carlino,true,,7,,,5/31/2024
947,Jaquenetta,Dottridge,false,,,405,,10/6/2024
948,Raoul,Feldmark,true,,4,508,,12/3/2024
949,Charyl,McCooke,false,,15,703,,10/16/2024
950,Wilhelm,Stallard,true,,15,1094,,5/11/2024
951,Eward,Tincombe,false,,6,469,,11/3/2024
952,Bebe,Percy,false,,1,636,,5/8/2024
953,Carlina,Tunny,true,,,451,,9/4/2023
954,Ollie,Castri,false,,9,266,,5/29/2024
955,Janelle,Robinson,true,,3,567,,1/16/2024
956,Noby,Shepard,true,,10,859,,8/1/2024
957,Alphard,Izakof,true,,11,653,,7/1/2024
958,Mavra,McMillan,true,,6,537,,10/31/2024
959,Mortimer,Parsell,true,,8,1329,,9/28/2023
960,Wilow,Fagence,true,,10,414,,4/25/2024
961,Collin,Tomankowski,false,,12,1230,,10/21/2023
962,Spence,Garthshore,true,,,702,,3/20/2024
963,Hilliard,Gladdin,false,,,,,12/17/2023
964,Missie,Errichiello,true,,1,1363,,9/12/2023
965,Joey,Schnieder,false,,11,872,,9/29/2023
966,Angie,Revett,false,,7,1130,,4/6/2024
967,Mariana,Nyles,false,,5,952,,9/15/2023
968,Shel,Carbry,false,,,,,1/13/2024
969,Enrica,Votier,false,,15,1402,,8/24/2023
970,Nestor,Foro,true,,,,,9/5/2024
971,Rowney,Danilowicz,true,,,179,,9/18/2024
972,Trevor,Roussell,true,,1,1497,,9/21/2024
973,Roseline,Rushby,false,,2,,,2/25/2024
974,Kitti,Brobyn,true,,,1084,,5/10/2024
975,Minette,Gaywood,false,,15,1484,,10/8/2024
976,Felike,Lotwich,true,,2,305,,2/12/2025
977,Joe,Manford,true,,,,,9/26/2024
978,Madison,Quennell,false,,2,82,,11/27/2023
979,Giraud,Clitheroe,true,,,943,,12/6/2023
980,Urbano,Spada,false,,12,57,,11/16/2023
981,Brose,Battisson,false,,13,1160,,2/14/2024
982,Sim,Newborn,true,,10,279,,7/2/2023
983,Itch,Virgoe,true,,,167,,1/9/2025
984,Oswell,Boatwright,true,,,184,,8/11/2023
985,Bruce,Bloxham,true,,1,1139,,12/11/2024
986,Lucretia,Iredale,false,,,1207,,9/9/2023
987,Ranique,Stiles,true,,,1224,,5/20/2024
988,Dione,I'anson,true,,9,782,,7/8/2024
989,Harold,Kunzelmann,false,,,1357,,10/10/2023
990,Shell,Mc Coughan,true,,,1284,,8/17/2023
991,Benny,Mattinson,false,,,658,,9/17/2023
992,Ronalda,Sapson,true,,,441,,6/6/2024
993,Rene,Mattimoe,true,,,668,,12/21/2024
994,Anthia,Presslie,false,,,24,,12/26/2023
995,Harriot,Rigmand,false,,3,,,9/1/2024
996,Gabi,Trahearn,true,,6,102,,12/28/2024
997,Zerk,Looks,true,,4,361,,9/5/2023
998,Perry,Gonnely,true,,,654,,2/16/2025
999,Diandra,Oneal,false,,,948,,6/3/2024
1000,Aurilia,Roman,true,,4,1393,,10/31/2023
